Date,Open,High,Low,Close,Volume
19-08-2019,11094.79981,11146.90039,11037.84961,11053.90039,369500
20-08-2019,11063.90039,11076.29981,10985.29981,11017,444700
21-08-2019,11018.15039,11034.2002,10906.65039,10918.7002,557900
22-08-2019,10905.29981,10908.25,10718.29981,10741.34961,668200
23-08-2019,10699.59961,10862.54981,10637.15039,10829.34961,667100
26-08-2019,11000.29981,11070.29981,10756.54981,11057.84961,684100
27-08-2019,11106.54981,11141.75,11049.5,11105.34961,685600
28-08-2019,11101.29981,11129.65039,10987.65039,11046.09961,550000
29-08-2019,10996.04981,11021.09961,10922.40039,10948.29981,649900
30-08-2019,10987.79981,11042.59961,10874.79981,11023.25,628200
03-09-2019,10960.9502,10967.5,10772.7002,10797.90039,483000
04-09-2019,10790.40039,10858.75,10746.34961,10844.65039,508800
05-09-2019,10860.9502,10920.09961,10816,10847.90039,595700
06-09-2019,10883.79981,10957.04981,10867.4502,10946.2002,497200
09-09-2019,10936.7002,11028.84961,10889.79981,11003.04981,412500
11-09-2019,11028.5,11054.79981,11011.65039,11035.7002,687100
12-09-2019,11058.29981,11081.75,10964.9502,10982.79981,551400
13-09-2019,10986.79981,11084.4502,10945.75,11075.90039,624300
16-09-2019,10994.84961,11052.7002,10968.2002,11003.5,434500
17-09-2019,11000.09961,11000.09961,10796.5,10817.59961,482000
18-09-2019,10872.79981,10885.15039,10804.84961,10840.65039,519200
19-09-2019,10845.2002,10845.2002,10670.25,10704.79981,642600
20-09-2019,10746.79981,11381.90039,10691,11274.2002,1356800
23-09-2019,11542.7002,11694.84961,11471.34961,11600.2002,882800
24-09-2019,11590.7002,11655.04981,11539.2002,11588.2002,651700
25-09-2019,11564.84961,11564.9502,11416.09961,11440.2002,629100
26-09-2019,11469.84961,11610.84961,11466.34961,11571.2002,844500
27-09-2019,11556.34961,11593.59961,11499.75,11512.40039,650000
30-09-2019,11491.15039,11508.25,11390.79981,11474.4502,756800
01-10-2019,11515.40039,11554.2002,11247.90039,11359.90039,1305400
03-10-2019,11322.25,11370.40039,11257.34961,11314,1017500
04-10-2019,11388.4502,11400.29981,11158.34961,11174.75,928500
07-10-2019,11196.2002,11233.84961,11112.65039,11126.40039,733200
09-10-2019,11152.9502,11321.59961,11090.15039,11313.29981,741100
10-10-2019,11280.5,11293.34961,11208.54981,11234.54981,562000
11-10-2019,11257.7002,11362.90039,11189.40039,11305.04981,737800
14-10-2019,11335.90039,11420.4502,11290.04981,11341.15039,587600
15-10-2019,11360.84961,11462.34961,11342.09961,11428.29981,527400
16-10-2019,11464.9502,11481.04981,11411.09961,11464,533500
17-10-2019,11466.29981,11599.09961,11439.65039,11586.34961,797600
18-10-2019,11580.29981,11684.7002,11553.15039,11661.84961,853400
22-10-2019,11657.15039,11714.34961,11573.65039,11588.34961,867600
23-10-2019,11596.2002,11651.59961,11554.40039,11604.09961,664200
24-10-2019,11661.65039,11679.59961,11534.65039,11582.59961,700500
25-10-2019,11646.15039,11646.90039,11490.75,11583.90039,812000
27-10-2019,null,null,null,null,null
29-10-2019,11643.9502,11809.40039,11627.34961,11786.84961,951700
30-10-2019,11883.90039,11883.9502,11784.4502,11844.09961,725200
31-10-2019,11890.4502,11945,11855.09961,11877.4502,1414800
01-11-2019,11886.59961,11918.29981,11843.34961,11890.59961,855300
04-11-2019,11928.90039,11989.15039,11905.34961,11941.29981,823100
05-11-2019,11974.59961,11978.9502,11861.90039,11917.2002,632000
06-11-2019,11911.5,12002.90039,11850.25,11966.04981,603400
07-11-2019,12021.09961,12021.40039,11946.84961,12012.04981,563000
08-11-2019,11987.15039,12034.15039,11888.75,11908.15039,789300
11-11-2019,11879.2002,11932.65039,11853.9502,11913.4502,549000
13-11-2019,11908.29981,11946.79981,11823.2002,11840.4502,659000
14-11-2019,11858.75,11895.65039,11802.65039,11872.09961,559500
15-11-2019,11904.2002,11973.65039,11879.25,11895.4502,580200
18-11-2019,11915.15039,11946.2002,11867.59961,11884.5,514400
19-11-2019,11919.4502,11958.84961,11881.75,11940.09961,613900
20-11-2019,12004.75,12038.59961,11966.04981,11999.09961,646700
21-11-2019,12025.65039,12028.2002,11956.90039,11968.40039,557700
22-11-2019,11967.29981,11968.09961,11883.5,11914.40039,486800
25-11-2019,11922.4502,12084.5,11919.75,12073.75,534300
26-11-2019,12110.2002,12132.4502,12006.34961,12037.7002,1201300
27-11-2019,12068.5,12114.90039,12055.15039,12100.7002,584200
28-11-2019,12132.09961,12158.79981,12099.9502,12151.15039,620500
29-11-2019,12146.2002,12147.40039,12017.40039,12056.04981,804400
02-12-2019,12137.04981,12137.15039,12023.7002,12048.2002,720900
03-12-2019,12067.65039,12068.59961,11956.40039,11994.2002,605800
04-12-2019,11969.9502,12054.7002,11935.29981,12043.2002,747200
05-12-2019,12071.25,12081.2002,11998.75,12018.40039,562200
06-12-2019,12047.34961,12057.04981,11888.84961,11921.5,609200
09-12-2019,11939.09961,11981.9502,11888.04981,11937.5,599100
10-12-2019,11950.5,11953.2002,11844.7002,11856.79981,650200
11-12-2019,11867.34961,11923.2002,11832.29981,11910.15039,997700
12-12-2019,11944.29981,12005.5,11934,11971.79981,752600
13-12-2019,12026.40039,12098.84961,12023.59961,12086.7002,597700
16-12-2019,12131.34961,12134.65039,12046.29981,12053.9502,437700
17-12-2019,12082.4502,12182.75,12070.34961,12165,499600
18-12-2019,12197,12237.7002,12163.4502,12221.65039,518900
19-12-2019,12223.40039,12268.34961,12191.15039,12259.7002,623100
20-12-2019,12266.4502,12293.90039,12252.75,12271.79981,810700
23-12-2019,12235.4502,12287.15039,12213.25,12262.75,604800
24-12-2019,12269.25,12283.7002,12202.09961,12214.54981,470300
26-12-2019,12211.84961,12221.54981,12118.84961,12126.54981,520300
27-12-2019,12172.90039,12258.4502,12157.90039,12245.79981,383800
30-12-2019,12274.90039,12286.4502,12213.79981,12255.84961,411100
31-12-2019,12247.09961,12247.09961,12151.79981,12168.4502,426900
01-01-2020,12202.15039,12222.2002,12165.29981,12182.5,304100
02-01-2020,12198.54981,12289.90039,12195.25,12282.2002,407700
03-01-2020,12261.09961,12265.59961,12191.34961,12226.65039,428800
06-01-2020,12170.59961,12179.09961,11974.2002,11993.04981,396500
07-01-2020,12079.09961,12152.15039,12005.34961,12052.9502,447800
08-01-2020,11939.09961,12044.9502,11929.59961,12025.34961,446000
09-01-2020,12153.15039,12224.04981,12132.54981,12215.90039,477500
10-01-2020,12271,12311.2002,12213.2002,12256.79981,660600
13-01-2020,12296.7002,12337.75,12285.79981,12329.54981,501000
14-01-2020,12333.09961,12374.25,12308.7002,12362.29981,616300
15-01-2020,12349.40039,12355.15039,12278.75,12343.29981,684400
16-01-2020,12347.09961,12389.04981,12315.79981,12355.5,395700
17-01-2020,12328.40039,12385.4502,12321.40039,12352.34961,502100
20-01-2020,12430.5,12430.5,12216.90039,12224.54981,491600
21-01-2020,12195.29981,12230.04981,12162.29981,12169.84961,400
22-01-2020,12218.34961,12225.04981,12087.90039,12106.90039,500
23-01-2020,12123.75,12189,12094.09961,12180.34961,867700
24-01-2020,12174.54981,12272.15039,12149.65039,12248.25,593200
27-01-2020,12197.09961,12216.59961,12107,12119,441200
28-01-2020,12148.09961,12163.54981,12024.5,12055.79981,478500
29-01-2020,12114.90039,12169.59961,12103.79981,12129.5,514400
30-01-2020,12147.75,12150.29981,12010.59961,12035.79981,538100
31-01-2020,12100.40039,12103.54981,11945.84961,11962.09961,771300
03-02-2020,11627.4502,11749.84961,11614.5,11707.90039,669800
04-02-2020,11786.25,11986.15039,11783.40039,11979.65039,560400
05-02-2020,12005.84961,12098.15039,11953.34961,12089.15039,758000
06-02-2020,12120,12160.59961,12084.65039,12137.9502,565100
07-02-2020,12151.15039,12154.7002,12073.9502,12098.34961,473500
10-02-2020,12102.34961,12103.54981,11990.75,12031.5,524700
11-02-2020,12108.40039,12172.29981,12099,12107.90039,480000
12-02-2020,12151,12231.75,12144.29981,12201.2002,411700
13-02-2020,12219.54981,12225.65039,12139.79981,12174.65039,501200
14-02-2020,12190.15039,12246.7002,12091.2002,12113.4502,622800
17-02-2020,12131.79981,12159.59961,12037,12045.79981,0
18-02-2020,12028.25,12030.75,11908.04981,11992.5,676900
19-02-2020,12090.59961,12134.7002,12042.09961,12125.90039,513600
20-02-2020,12119,12152,12071.4502,12080.84961,502600
24-02-2020,12012.54981,12012.54981,11813.40039,11829.40039,490800
25-02-2020,11877.5,11883.04981,11779.90039,11797.90039,461000
26-02-2020,11738.54981,11783.25,11639.59961,11678.5,567600
27-02-2020,11661.25,11663.84961,11536.7002,11633.29981,608600
28-02-2020,11382,11384.79981,11175.04981,11201.75,809900
02-03-2020,11387.34961,11433,11036.25,11132.75,680800
03-03-2020,11217.54981,11342.25,11152.54981,11303.29981,696500
04-03-2020,11351.34961,11356.59961,11082.15039,11251,797700
05-03-2020,11306.04981,11389.5,11244.59961,11269,1352500
06-03-2020,10942.65039,11035.09961,10827.40039,10989.4502,1811000
09-03-2020,10742.04981,10751.54981,10294.4502,10451.4502,1565500
11-03-2020,10334.29981,10545.09961,10334,10458.40039,1218500
12-03-2020,10039.9502,10040.75,9508,9590.150391,1343500
13-03-2020,9107.599609,10159.40039,8555.150391,9955.200195,1388000
16-03-2020,9587.799805,9602.200195,9165.099609,9197.400391,897700
17-03-2020,9285.400391,9403.799805,8915.599609,8967.049805,935600
18-03-2020,9088.450195,9127.549805,8407.049805,8468.799805,1516600
19-03-2020,8063.299805,8575.450195,7832.549805,8263.450195,925700
20-03-2020,8284.450195,8883,8178.200195,8745.450195,1071500
23-03-2020,7945.700195,8159.25,7583.600098,7610.25,653500
24-03-2020,7848.299805,8036.950195,7511.100098,7801.049805,738400
25-03-2020,7735.149902,8376.75,7714.75,8317.849609,736900
26-03-2020,8451,8749.049805,8304.900391,8641.450195,865600
27-03-2020,8949.099609,9038.900391,8522.900391,8660.25,801500
30-03-2020,8385.950195,8576,8244,8281.099609,593300
31-03-2020,8529.349609,8678.299805,8358,8597.75,712700
01-04-2020,8584.099609,8588.099609,8198.349609,8253.799805,506300
03-04-2020,8356.549805,8356.549805,8055.799805,8083.799805,697000
07-04-2020,8446.299805,8819.400391,8360.950195,8792.200195,814200
08-04-2020,8688.900391,9131.700195,8653.900391,8748.75,896500
09-04-2020,8973.049805,9128.349609,8904.549805,9111.900391,742100
13-04-2020,9103.950195,9112.049805,8912.400391,8993.849609,644000
15-04-2020,9196.400391,9261.200195,8874.099609,8925.299805,879100
16-04-2020,8851.25,9053.75,8821.900391,8992.799805,719400
17-04-2020,9323.450195,9324,9091.349609,9266.75,684200
20-04-2020,9390.200195,9390.849609,9230.799805,9261.849609,726400
21-04-2020,9016.950195,9044.400391,8909.400391,8981.450195,655100
22-04-2020,9026.75,9209.75,8946.25,9187.299805,734400
23-04-2020,9232.349609,9343.599609,9170.150391,9313.900391,666700
24-04-2020,9163.900391,9296.900391,9141.299805,9154.400391,659400
27-04-2020,9259.700195,9377.099609,9250.349609,9282.299805,512800
28-04-2020,9389.799805,9404.400391,9260,9380.900391,614500
29-04-2020,9408.599609,9599.849609,9392.349609,9553.349609,653000
30-04-2020,9753.5,9889.049805,9731.5,9859.900391,931200
04-05-2020,9533.5,9533.5,9266.950195,9293.5,687500
05-05-2020,9429.400391,9450.900391,9190.75,9205.599609,725200
06-05-2020,9226.799805,9346.900391,9116.5,9270.900391,722200
07-05-2020,9234.049805,9277.849609,9175.900391,9199.049805,708700
08-05-2020,9376.950195,9382.650391,9238.200195,9251.5,609100
11-05-2020,9348.150391,9439.900391,9219.950195,9239.200195,704600
12-05-2020,9168.849609,9240.849609,9043.950195,9196.549805,805500
13-05-2020,9584.200195,9584.5,9351.099609,9383.549805,846400
14-05-2020,9213.950195,9281.099609,9119.75,9142.75,602600
15-05-2020,9182.400391,9182.400391,9050,9136.849609,575900
18-05-2020,9158.299805,9158.299805,8806.75,8823.25,773000
19-05-2020,8961.700195,9030.349609,8855.299805,8879.099609,762200
20-05-2020,8889.150391,9093.799805,8875.349609,9066.549805,622300
21-05-2020,9079.450195,9178.549805,9056.099609,9106.25,631500
22-05-2020,9067.900391,9149.599609,8968.549805,9039.25,675800
26-05-2020,9099.75,9161.650391,8996.650391,9029.049805,655000
27-05-2020,9082.200195,9334,9004.25,9314.950195,763500
28-05-2020,9364.950195,9511.25,9336.5,9490.099609,837900
29-05-2020,9422.200195,9598.849609,9376.900391,9580.299805,967000
01-06-2020,9726.849609,9931.599609,9706.950195,9826.150391,794200
02-06-2020,9880.849609,9995.599609,9824.049805,9979.099609,770200
03-06-2020,10108.29981,10176.2002,10035.54981,10061.54981,794700
04-06-2020,10054.25,10123.84961,9944.25,10029.09961,775100
05-06-2020,10093.79981,10177.79981,10040.75,10142.15039,987100
08-06-2020,10326.75,10328.5,10120.25,10167.4502,936500
09-06-2020,10181.15039,10291.15039,10021.4502,10046.65039,754200
10-06-2020,10072.59961,10148.75,10036.84961,10116.15039,632400
11-06-2020,10094.09961,10112.04981,9885.049805,9902,715500
12-06-2020,9544.950195,9996.049805,9544.349609,9972.900391,796300
15-06-2020,9919.349609,9943.349609,9726.349609,9813.700195,716100
16-06-2020,10014.79981,10046.15039,9728.5,9914,899900
17-06-2020,9876.700195,10003.59961,9833.799805,9881.150391,685400
18-06-2020,9863.25,10111.2002,9845.049805,10091.65039,622900
19-06-2020,10119,10272.40039,10072.65039,10244.40039,892100
22-06-2020,10318.75,10393.65039,10277.59961,10311.2002,685400
23-06-2020,10347.9502,10484.7002,10301.75,10471,669200
24-06-2020,10529.25,10553.15039,10281.9502,10305.29981,854800
25-06-2020,10235.54981,10361.79981,10194.5,10288.90039,994200
26-06-2020,10378.90039,10409.84961,10311.25,10383,671900
29-06-2020,10311.9502,10337.9502,10223.59961,10312.40039,574500
30-06-2020,10382.59961,10401.04981,10267.34961,10302.09961,556200
01-07-2020,10323.79981,10447.04981,10299.59961,10430.04981,573600
02-07-2020,10493.04981,10598.2002,10485.54981,10551.7002,597400
03-07-2020,10614.9502,10631.29981,10562.65039,10607.34961,525200
06-07-2020,10723.84961,10811.40039,10695.09961,10763.65039,571200
07-07-2020,10802.84961,10813.79981,10689.7002,10799.65039,636800
08-07-2020,10818.65039,10847.84961,10676.54981,10705.75,767900
09-07-2020,10755.54981,10836.84961,10733,10813.4502,618700
10-07-2020,10764.09961,10819.40039,10713,10768.04981,590700
13-07-2020,10851.84961,10894.04981,10756.04981,10802.7002,554100
14-07-2020,10750.84961,10755.65039,10562.90039,10607.34961,532400
15-07-2020,10701,10827.4502,10577.75,10618.2002,715900
16-07-2020,10706.2002,10755.29981,10595.2002,10739.9502,694400
17-07-2020,10752,10933.4502,10749.65039,10901.7002,676900
20-07-2020,10999.4502,11037.90039,10953,11022.2002,554300
21-07-2020,11126.09961,11179.54981,11113.25,11162.25,772000
22-07-2020,11231.2002,11238.09961,11056.54981,11132.59961,765100
23-07-2020,11135,11239.79981,11103.15039,11215.4502,621600
24-07-2020,11149.9502,11225.40039,11090.29981,11194.15039,678900
27-07-2020,11225,11225,11087.84961,11131.79981,588100
28-07-2020,11154.09961,11317.75,11151.40039,11300.54981,683900
29-07-2020,11276.90039,11341.40039,11149.75,11202.84961,600700
30-07-2020,11254.29981,11299.9502,11084.9502,11102.15039,677800
31-07-2020,11139.5,11150.40039,11026.65039,11073.4502,642600
03-08-2020,11057.54981,11058.04981,10882.25,10891.59961,680900
04-08-2020,10946.65039,11112.25,10908.09961,11095.25,625700
05-08-2020,11155.75,11225.65039,11064.04981,11101.65039,667600
06-08-2020,11185.7002,11256.79981,11127.29981,11200.15039,600400
07-08-2020,11186.65039,11231.90039,11142.04981,11214.04981,452600
10-08-2020,11270.25,11337.29981,11238,11270.15039,492000
11-08-2020,11322.25,11373.59961,11299.15039,11322.5,586100
12-08-2020,11289,11322,11242.65039,11308.40039,609900
13-08-2020,11334.84961,11359.29981,11269.9502,11300.4502,562400
14-08-2020,11353.29981,11366.25,11111.4502,11178.40039,645100
17-08-2020,11248.90039,11267.09961,11144.5,11247.09961,634000
18-08-2020,11259.79981,11401.7002,11253.15039,11385.34961,579200
19-08-2020,11452.15039,11460.34961,11394.09961,11408.40039,626200
20-08-2020,11317.4502,11361.4502,11289.79981,11312.2002,791600
21-08-2020,11409.65039,11418.5,11362.2002,11371.59961,668700
24-08-2020,11412,11497.25,11410.65039,11466.4502,532900
25-08-2020,11513.09961,11525.90039,11423.34961,11472.25,638200
26-08-2020,11512.84961,11561.75,11461.84961,11549.59961,743400
27-08-2020,11609.29981,11617.34961,11540.59961,11559.25,719800
28-08-2020,11602.9502,11686.04981,11589.40039,11647.59961,807000
31-08-2020,11777.54981,11794.25,11325.84961,11387.5,1371800
01-09-2020,11464.29981,11553.54981,11366.90039,11470.25,783800
02-09-2020,11478.54981,11554.75,11430.40039,11535,593500
03-09-2020,11566.2002,11584.9502,11507.65039,11527.4502,607100
04-09-2020,11354.40039,11452.04981,11303.65039,11333.84961,681300
07-09-2020,11359.59961,11381.15039,11251.7002,11355.04981,560300
08-09-2020,11378.54981,11437.25,11290.4502,11317.34961,572200
09-09-2020,11218.59961,11298.15039,11185.15039,11278,728900
10-09-2020,11363.29981,11464.04981,11327.40039,11449.25,679400
11-09-2020,11447.79981,11493.5,11419.90039,11464.4502,554800
14-09-2020,11540.15039,11568.90039,11383.54981,11440.04981,642300
15-09-2020,11487.2002,11535.9502,11442.25,11521.79981,506700
16-09-2020,11538.4502,11618.09961,11516.75,11604.54981,527800
17-09-2020,11539.40039,11587.2002,11498.5,11516.09961,0
18-09-2020,11584.09961,11584.09961,11446.09961,11504.9502,764200
21-09-2020,11503.79981,11535.25,11218.5,11250.54981,602900
22-09-2020,11301.75,11302.2002,11084.65039,11153.65039,672200
23-09-2020,11258.75,11259.54981,11024.40039,11131.84961,714900
24-09-2020,11011,11015.29981,10790.2002,10805.54981,706100
25-09-2020,10910.40039,11072.59961,10854.84961,11050.25,559600
28-09-2020,11140.84961,11239.34961,11099.84961,11227.54981,472800
29-09-2020,11288.59961,11305.40039,11181,11222.40039,498300
30-09-2020,11244.4502,11295.40039,11184.54981,11247.54981,499300
01-10-2020,11364.4502,11428.59961,11347.04981,11416.9502,447700
05-10-2020,11487.79981,11578.04981,11452.29981,11503.34961,530600
06-10-2020,11603.4502,11680.29981,11564.29981,11662.40039,561400
07-10-2020,11679.25,11763.04981,11629.34961,11738.84961,513400
08-10-2020,11835.40039,11905.7002,11791.15039,11834.59961,608800
09-10-2020,11852.04981,11938.59961,11805.2002,11914.2002,611100
12-10-2020,11973.54981,12022.04981,11867.2002,11930.9502,522600
13-10-2020,11934.65039,11988.2002,11888.90039,11934.5,458300
14-10-2020,11917.40039,11997.2002,11822.15039,11971.04981,569200
15-10-2020,12023.4502,12025.4502,11661.29981,11680.34961,608900
16-10-2020,11727.40039,11789.75,11667.84961,11762.4502,555800
19-10-2020,11879.2002,11898.25,11820.40039,11873.04981,541400
20-10-2020,11861,11949.25,11837.25,11896.79981,453600
21-10-2020,11958.54981,12018.65039,11775.75,11937.65039,623700
22-10-2020,11890,11939.54981,11823.4502,11896.4502,544900
23-10-2020,11957.90039,11974.54981,11908.75,11930.34961,502300
26-10-2020,11937.40039,11942.84961,11711.7002,11767.75,519800
27-10-2020,11807.09961,11899.04981,11723,11889.40039,616300
28-10-2020,11922.59961,11929.40039,11684.84961,11729.59961,704000
29-10-2020,11633.29981,11744.15039,11606.4502,11670.79981,555000
30-10-2020,11678.4502,11748.9502,11535.4502,11642.40039,553700
02-11-2020,11697.34961,11725.65039,11557.40039,11669.15039,568400
03-11-2020,11734.4502,11836.2002,11723.29981,11813.5,674300
04-11-2020,11783.34961,11929.65039,11756.40039,11908.5,667300
05-11-2020,12062.40039,12131.09961,12027.59961,12120.29981,632500
06-11-2020,12156.65039,12280.40039,12131.84961,12263.54981,576800
09-11-2020,12399.40039,12474.04981,12367.34961,12461.04981,553400
10-11-2020,12556.40039,12643.90039,12475.25,12631.09961,847500
11-11-2020,12680.59961,12769.75,12571.09961,12749.15039,880500
12-11-2020,12702.15039,12741.15039,12624.84961,12690.79981,622000
13-11-2020,12659.7002,12735.9502,12607.7002,12719.9502,513900
14-11-2020,null,null,null,null,null
17-11-2020,12932.5,12934.04981,12797.09961,12874.2002,707700
18-11-2020,12860.09961,12948.84961,12819.34961,12938.25,731300
19-11-2020,12839.5,12963,12745.75,12771.7002,768800
20-11-2020,12813.40039,12892.4502,12730.25,12859.04981,664000
23-11-2020,12960.29981,12968.84961,12825.7002,12926.4502,633100
24-11-2020,13002.59961,13079.09961,12978,13055.15039,571900
25-11-2020,13130,13145.84961,12833.65039,12858.40039,679000
26-11-2020,12906.4502,13018,12790.40039,12987,549800
27-11-2020,13012.04981,13035.29981,12914.29981,12968.9502,1162400
01-12-2020,13062.2002,13128.40039,12962.79981,13109.04981,583600
02-12-2020,13121.40039,13128.5,12983.54981,13113.75,717700
03-12-2020,13215.29981,13216.59961,13107.90039,13133.90039,713700
04-12-2020,13177.40039,13280.04981,13152.84961,13258.54981,640500
07-12-2020,13264.84961,13366.65039,13241.9502,13355.75,591700
08-12-2020,13393.84961,13435.4502,13311.04981,13392.9502,543200
09-12-2020,13458.09961,13548.90039,13449.59961,13529.09961,502600
10-12-2020,13488.5,13503.54981,13399.29981,13478.29981,553400
11-12-2020,13512.29981,13579.34961,13402.84961,13513.84961,787700
14-12-2020,13571.4502,13597.5,13472.4502,13558.15039,558400
15-12-2020,13547.2002,13589.65039,13447.04981,13567.84961,497600
16-12-2020,13663.09961,13692.34961,13606.4502,13682.7002,462200
17-12-2020,13713.54981,13773.25,13673.54981,13740.7002,416000
18-12-2020,13764.40039,13772.84961,13658.59961,13760.54981,519400
21-12-2020,13741.90039,13777.5,13131.4502,13328.40039,687300
22-12-2020,13373.65039,13492.04981,13192.90039,13466.29981,696200
23-12-2020,13473.5,13619.4502,13432.2002,13601.09961,458700
24-12-2020,13672.15039,13771.75,13626.90039,13749.25,471400
28-12-2020,13815.15039,13885.29981,13811.54981,13873.2002,403600
29-12-2020,13910.34961,13967.59961,13859.90039,13932.59961,439600
30-12-2020,13980.90039,13997,13864.9502,13981.9502,380700
31-12-2020,13970,14024.84961,13936.4502,13981.75,452400
01-01-2021,13996.09961,14049.84961,13991.34961,14018.5,358100
04-01-2021,14104.34961,14147.9502,13953.75,14132.90039,495000
05-01-2021,14075.15039,14215.59961,14048.15039,14199.5,492500
06-01-2021,14240.9502,14244.15039,14039.90039,14146.25,632300
07-01-2021,14253.75,14256.25,14123.09961,14137.34961,559200
08-01-2021,14258.40039,14367.29981,14221.65039,14347.25,613500
11-01-2021,14474.04981,14498.2002,14383.09961,14484.75,672900
12-01-2021,14473.79981,14590.65039,14432.84961,14563.4502,929600
13-01-2021,14639.79981,14653.34961,14435.7002,14564.84961,874000
14-01-2021,14550.04981,14617.79981,14471.5,14595.59961,620200
15-01-2021,14594.34961,14617.4502,14357.84961,14433.7002,789600
18-01-2021,14453.29981,14459.15039,14222.79981,14281.29981,762000
19-01-2021,14371.65039,14546.04981,14350.84961,14521.15039,546100
20-01-2021,14538.29981,14666.4502,14517.54981,14644.7002,623100
21-01-2021,14730.9502,14753.54981,14517.25,14590.34961,704600
22-01-2021,14583.40039,14619.90039,14357.75,14371.90039,776800
25-01-2021,14477.79981,14491.09961,14218.59961,14238.90039,618600
27-01-2021,14237.9502,14237.9502,13929.29981,13967.5,660700
28-01-2021,13810.40039,13898.25,13713.25,13817.54981,637900
29-01-2021,13946.59961,13966.84961,13596.75,13634.59961,753200
01-02-2021,13758.59961,14336.34961,13661.75,14281.2002,870500
02-02-2021,14481.09961,14731.7002,14469.15039,14647.84961,915000
03-02-2021,14754.90039,14868.84961,14574.15039,14789.9502,869500
04-02-2021,14789.04981,14913.7002,14714.75,14895.65039,884700
05-02-2021,14952.59961,15014.65039,14864.75,14924.25,935600
08-02-2021,15064.29981,15159.90039,15041.04981,15115.79981,671200
09-02-2021,15164.15039,15257.09961,15064.29981,15109.29981,713300
10-02-2021,15119.04981,15168.25,14977.2002,15106.5,624800
11-02-2021,15073.25,15188.5,15065.40039,15173.29981,500100
12-02-2021,15186.2002,15243.5,15081,15163.29981,571800
15-02-2021,15270.29981,15340.15039,15243.40039,15314.7002,456000
16-02-2021,15371.4502,15431.75,15242.2002,15313.4502,648500
17-02-2021,15279.90039,15314.29981,15170.75,15208.90039,504800
18-02-2021,15238.7002,15250.75,15078.04981,15118.9502,770600
19-02-2021,15074.79981,15144.04981,14898.2002,14981.75,712200
22-02-2021,14999.04981,15010.09961,14635.04981,14675.7002,609900
23-02-2021,14782.25,14854.5,14651.84961,14707.79981,744100
24-02-2021,14729.15039,15008.79981,14504.5,14982,403800
25-02-2021,15079.84961,15176.5,15065.34961,15097.34961,803900
26-02-2021,14888.59961,14919.4502,14467.75,14529.15039,1103600
01-03-2021,14702.5,14806.79981,14638.54981,14761.54981,507300
02-03-2021,14865.29981,14959.09961,14760.79981,14919.09961,621700
03-03-2021,15064.40039,15273.15039,14995.79981,15245.59961,544200
04-03-2021,15026.75,15202.34961,14980.2002,15080.75,534900
05-03-2021,14977.9502,15092.34961,14862.09961,14938.09961,640700
08-03-2021,15002.4502,15111.15039,14919.90039,14956.2002,0
09-03-2021,15049.90039,15126.84961,14925.4502,15098.40039,675300
10-03-2021,15202.15039,15218.4502,15100.84961,15174.79981,404600
12-03-2021,15321.15039,15336.29981,14953.59961,15030.9502,493200
15-03-2021,15048.40039,15048.40039,14745.84961,14929.5,467500
16-03-2021,14996.09961,15051.59961,14890.65039,14910.4502,100
17-03-2021,14946.54981,14956.54981,14696.04981,14721.29981,100
18-03-2021,14855.5,14875.2002,14478.59961,14557.84961,542200
19-03-2021,14471.15039,14788.25,14350.09961,14744,919200
22-03-2021,14736.29981,14763.90039,14597.84961,14736.40039,459000
23-03-2021,14768.54981,14878.59961,14707,14814.75,474200
24-03-2021,14712.4502,14752.34961,14535,14549.40039,456400
25-03-2021,14570.90039,14575.59961,14264.40039,14324.90039,606800
26-03-2021,14506.29981,14572.90039,14414.25,14507.29981,481000
30-03-2021,14628.5,14876.29981,14617.59961,14845.09961,594500
31-03-2021,14811.84961,14813.75,14670.25,14690.7002,463900
01-04-2021,14798.40039,14883.2002,14692.4502,14867.34961,445000
05-04-2021,14837.7002,14849.84961,14459.5,14637.79981,509700
06-04-2021,14737,14779.09961,14573.90039,14683.5,475300
07-04-2021,14716.4502,14879.79981,14649.84961,14819.04981,0
08-04-2021,14875.65039,14984.15039,14821.09961,14873.79981,514800
09-04-2021,14882.65039,14918.4502,14785.65039,14834.84961,504100
12-04-2021,14644.65039,14652.5,14248.7002,14310.79981,650200
13-04-2021,14364.90039,14528.90039,14274.90039,14504.79981,605100
15-04-2021,14522.40039,14597.54981,14353.2002,14581.4502,568000
16-04-2021,14599.59961,14697.7002,14559,14617.84961,577200
19-04-2021,14306.59961,14382.29981,14191.40039,14359.4502,512300
20-04-2021,14526.7002,14526.9502,14207.29981,14296.40039,467400
22-04-2021,14219.15039,14424.75,14151.40039,14406.15039,524600
23-04-2021,14326.34961,14461.15039,14273.29981,14341.34961,498100
26-04-2021,14449.4502,14557.5,14421.29981,14485,452700
27-04-2021,14493.79981,14667.54981,14484.84961,14653.04981,451800
28-04-2021,14710.5,14890.25,14694.9502,14864.54981,457000
29-04-2021,14979,15044.34961,14814.4502,14894.90039,517500
30-04-2021,14747.34961,14855.4502,14601.7002,14631.09961,613900
03-05-2021,14481.04981,14673.84961,14416.25,14634.15039,448900
04-05-2021,14687.25,14723.40039,14461.5,14496.5,503400
05-05-2021,14604.15039,14637.90039,14506.59961,14617.84961,455900
06-05-2021,14668.34961,14743.90039,14611.5,14724.79981,467800
07-05-2021,14816.84961,14863.04981,14765.5,14823.15039,488000
10-05-2021,14928.25,14966.90039,14892.5,14942.34961,522000
11-05-2021,14789.7002,14900,14771.40039,14850.75,647400
12-05-2021,14823.54981,14824.04981,14649.7002,14696.5,643800
14-05-2021,14749.40039,14749.65039,14591.90039,14677.79981,620700
17-05-2021,14756.25,14938,14725.34961,14923.15039,546400
18-05-2021,15067.2002,15137.25,15043.7002,15108.09961,583900
19-05-2021,15058.59961,15133.40039,15008.84961,15030.15039,569100
20-05-2021,15042.59961,15069.79981,14884.90039,14906.04981,480300
21-05-2021,14987.79981,15190,14985.84961,15175.29981,572900
24-05-2021,15211.34961,15256.25,15145.4502,15197.7002,579800
25-05-2021,15291.75,15293.84961,15163.40039,15208.4502,441500
26-05-2021,15257.04981,15319.90039,15194.9502,15301.4502,384000
27-05-2021,15323.9502,15384.54981,15272.5,15337.84961,0
28-05-2021,15421.2002,15469.65039,15394.75,15435.65039,468100
31-05-2021,15437.75,15606.34961,15374,15582.79981,436000
01-06-2021,15629.65039,15660.75,15528.29981,15574.84961,409600
02-06-2021,15520.34961,15597.4502,15459.84961,15576.2002,428600
03-06-2021,15655.54981,15705.09961,15611,15690.34961,410200
04-06-2021,15712.5,15733.59961,15622.34961,15670.25,414200
07-06-2021,15725.09961,15773.4502,15678.09961,15751.65039,394000
08-06-2021,15773.90039,15778.79981,15680,15740.09961,378200
09-06-2021,15766.29981,15800.4502,15566.90039,15635.34961,457900
10-06-2021,15692.09961,15751.25,15648.5,15737.75,298300
11-06-2021,15796.4502,15835.54981,15749.79981,15799.34961,363000
14-06-2021,15791.40039,15823.04981,15606.5,15811.84961,392900
15-06-2021,15866.9502,15901.59961,15842.40039,15869.25,323300
16-06-2021,15847.5,15880.84961,15742.59961,15767.54981,340200
17-06-2021,15648.29981,15769.34961,15616.75,15691.40039,357600
18-06-2021,15756.5,15761.5,15450.90039,15683.34961,640800
21-06-2021,15525.84961,15765.15039,15505.65039,15746.5,351500
22-06-2021,15840.5,15895.75,15752.09961,15772.75,322200
23-06-2021,15862.79981,15862.9502,15673.9502,15686.9502,287500
24-06-2021,15737.29981,15821.40039,15702.7002,15790.4502,316700
25-06-2021,15839.34961,15870.79981,15772.29981,15860.34961,314600
28-06-2021,15915.34961,15915.65039,15792.15039,15814.7002,255100
29-06-2021,15807.5,15835.90039,15724.04981,15748.4502,360300
30-06-2021,15776.90039,15839.09961,15708.75,15721.5,262400
01-07-2021,15755.04981,15755.54981,15667.04981,15680,224900
02-07-2021,15705.84961,15738.34961,15635.9502,15722.2002,254800
05-07-2021,15793.40039,15845.9502,15762.04981,15834.34961,207000
06-07-2021,15813.75,15914.2002,15801,15818.25,391400
07-07-2021,15819.59961,15893.54981,15779.7002,15879.65039,329300
08-07-2021,15855.40039,15885.75,15682.90039,15727.90039,307900
09-07-2021,15688.25,15730.84961,15632.75,15689.79981,243200
12-07-2021,15766.79981,15789.2002,15644.75,15692.59961,216300
13-07-2021,15794,15820.79981,15744.59961,15812.34961,246700
14-07-2021,15808.7002,15877.34961,15764.2002,15853.9502,0
15-07-2021,15872.15039,15952.34961,15855,15924.2002,284900
16-07-2021,15958.34961,15962.25,15882.59961,15923.40039,276300
19-07-2021,15754.5,15836.90039,15707.5,15752.40039,242100
20-07-2021,15703.9502,15728.4502,15578.54981,15632.09961,274300
22-07-2021,15736.59961,15834.79981,15726.40039,15824.04981,265300
23-07-2021,15856.79981,15899.79981,15768.40039,15856.04981,294100
26-07-2021,15849.29981,15893.34961,15797,15824.4502,267100
27-07-2021,15860.5,15881.54981,15701,15746.4502,311000
28-07-2021,15761.54981,15767.5,15513.4502,15709.40039,318600
29-07-2021,15762.7002,15817.34961,15737.79981,15778.4502,401600
30-07-2021,15800.59961,15862.79981,15744.84961,15763.04981,400000
02-08-2021,15874.90039,15892.90039,15834.65039,15885.15039,244800
03-08-2021,15951.54981,16146.90039,15914.34961,16130.75,341300
04-08-2021,16195.25,16290.2002,16176.15039,16258.79981,427300
05-08-2021,16288.9502,16349.4502,16210.29981,16294.59961,418200
06-08-2021,16304.40039,16336.75,16223.29981,16238.2002,320100
09-08-2021,16281.34961,16320.75,16179.04981,16258.25,240500
10-08-2021,16274.79981,16359.25,16202.25,16280.09961,288000
11-08-2021,16327.29981,16338.75,16162.54981,16282.25,277900
12-08-2021,16303.65039,16375.5,16286.90039,16364.40039,280200
13-08-2021,16385.69922,16543.59961,16376.29981,16529.09961,321900
16-08-2021,16518.40039,16589.40039,16480.75,16563.05078,254000
17-08-2021,16545.25,16628.55078,16495.40039,16614.59961,297400
18-08-2021,16691.94922,16701.84961,16535.84961,16568.84961,251800
20-08-2021,16382.5,16509.55078,16376.04981,16450.5,350800
23-08-2021,16592.25,16592.5,16395.69922,16496.44922,275600
24-08-2021,16561.40039,16647.09961,16495.30078,16624.59961,275400
25-08-2021,16654,16712.44922,16617.5,16634.65039,265900
26-08-2021,16627.94922,16683.69922,16603.40039,16636.90039,253500
27-08-2021,16642.55078,16722.05078,16565.59961,16705.19922,217400
30-08-2021,16775.84961,16951.5,16764.84961,16931.05078,283500
31-08-2021,16947.5,17153.5,16915.84961,17132.19922,464400
01-09-2021,17185.59961,17225.75,17055.05078,17076.25,301900
02-09-2021,17095.40039,17245.5,17059.69922,17234.15039,242400
03-09-2021,17262.44922,17340.09961,17212.19922,17323.59961,261400
06-09-2021,17399.34961,17429.55078,17345.55078,17377.80078,228000
07-09-2021,17401.55078,17436.5,17287,17362.09961,243400
08-09-2021,17375.75,17383.40039,17254.19922,17353.5,252700
09-09-2021,17312.84961,17379.65039,17302.69922,17369.25,241500
13-09-2021,17363.55078,17378.34961,17269.15039,17355.30078,241100
14-09-2021,17420.34961,17438.55078,17367.05078,17380,230400
15-09-2021,17387.65039,17532.69922,17386.90039,17519.44922,388200
16-09-2021,17539.19922,17644.59961,17510.44922,17629.5,503300
17-09-2021,17709.65039,17792.94922,17537.65039,17585.15039,508300
20-09-2021,17443.84961,17622.75,17361.80078,17396.90039,339100
21-09-2021,17450.5,17578.34961,17326.09961,17562,363600
22-09-2021,17580.90039,17610.44922,17524,17546.65039,295200
23-09-2021,17670.84961,17843.90039,17646.55078,17822.94922,320500
24-09-2021,17897.44922,17947.65039,17819.40039,17853.19922,360100
27-09-2021,17932.19922,17943.5,17802.90039,17855.09961,295700
28-09-2021,17906.44922,17912.84961,17576.09961,17748.59961,398000
29-09-2021,17657.94922,17781.75,17608.15039,17711.30078,562200
30-09-2021,17718.90039,17742.15039,17585.34961,17618.15039,378600
01-10-2021,17531.90039,17557.15039,17452.90039,17532.05078,305800
04-10-2021,17615.55078,17750.90039,17581.34961,17691.25,295800
05-10-2021,17661.34961,17833.44922,17640.90039,17822.30078,427000
06-10-2021,17861.5,17884.59961,17613.15039,17646,395800
07-10-2021,17810.55078,17857.55078,17763.80078,17790.34961,419900
08-10-2021,17886.84961,17941.84961,17840.34961,17895.19922,324100
11-10-2021,17867.55078,18041.94922,17839.09961,17945.94922,375800
12-10-2021,17915.80078,18008.65039,17864.94922,17991.94922,355600
13-10-2021,18097.84961,18197.80078,18050.75,18161.75,506700
14-10-2021,18272.84961,18350.75,18248.69922,18338.55078,538700
18-10-2021,18500.09961,18543.15039,18445.30078,18477.05078,469900
19-10-2021,18602.34961,18604.44922,18377.69922,18418.75,368200
20-10-2021,18439.90039,18458.30078,18209.34961,18266.59961,371300
21-10-2021,18382.69922,18384.19922,18048,18178.09961,365900
22-10-2021,18230.69922,18314.25,18034.34961,18114.90039,324700
25-10-2021,18229.5,18241.40039,17968.5,18125.40039,418700
26-10-2021,18154.5,18310.44922,18099.30078,18268.40039,341400
27-10-2021,18295.84961,18342.05078,18167.90039,18210.94922,335200
28-10-2021,18187.65039,18190.69922,17799.44922,17857.25,374200
29-10-2021,17833.05078,17915.84961,17613.09961,17671.65039,336500
01-11-2021,17783.15039,17954.09961,17697.09961,17929.65039,281200
02-11-2021,17970.90039,18012.25,17847.59961,17888.94922,296400
03-11-2021,17947.94922,17988.75,17757.94922,17829.19922,331000
04-11-2021,17935.05078,17947.55078,17900.59961,17916.80078,48500
08-11-2021,18040.19922,18087.80078,17836.09961,18068.55078,338900
09-11-2021,18084.34961,18112.59961,17983.05078,18044.25,270200
10-11-2021,17973.44922,18061.25,17915,18017.19922,261400
11-11-2021,17967.44922,17971.34961,17798.19922,17873.59961,232100
12-11-2021,17977.59961,18123,17905.90039,18102.75,249100
15-11-2021,18140.94922,18210.15039,18071.30078,18109.44922,280400
16-11-2021,18127.05078,18132.65039,17958.80078,17999.19922,267400
17-11-2021,17939.34961,18022.65039,17879.25,17898.65039,295700
18-11-2021,17890.55078,17945.59961,17688.5,17764.80078,278400
22-11-2021,17796.25,17805.25,17280.44922,17416.55078,356400
23-11-2021,17281.75,17553.69922,17216.09961,17503.34961,308800
24-11-2021,17550.05078,17600.59961,17354,17415.05078,298100
25-11-2021,17417.30078,17564.34961,17351.69922,17536.25,255900
26-11-2021,17338.75,17355.40039,16985.69922,17026.44922,356300
29-11-2021,17055.80078,17160.69922,16782.40039,17053.94922,348900
30-11-2021,17051.15039,17324.65039,16931.40039,16983.19922,498000
01-12-2021,17104.40039,17213.05078,17064.25,17166.90039,295500
02-12-2021,17183.19922,17420.34961,17149.30078,17401.65039,279900
03-12-2021,17424.90039,17489.80078,17180.80078,17196.69922,292500
06-12-2021,17209.05078,17216.75,16891.69922,16912.25,231700
07-12-2021,17044.09961,17251.65039,16987.75,17176.69922,254100
08-12-2021,17315.25,17484.59961,17308.94922,17469.75,257800
09-12-2021,17524.40039,17543.25,17379.59961,17516.84961,237200
10-12-2021,17476.05078,17534.34961,17405.25,17511.30078,204500
13-12-2021,17619.09961,17639.5,17355.94922,17368.25,256600
14-12-2021,17283.19922,17376.19922,17225.80078,17324.90039,271000
15-12-2021,17323.65039,17351.19922,17192.19922,17221.40039,215000
16-12-2021,17373,17379.34961,17184.94922,17248.40039,219500
17-12-2021,17276,17298.15039,16966.44922,16985.19922,354600
20-12-2021,16824.25,16840.09961,16410.19922,16614.19922,330600
21-12-2021,16773.15039,16936.40039,16688.25,16770.84961,241000
22-12-2021,16865.55078,16971,16819.5,16955.44922,207900
23-12-2021,17066.80078,17118.65039,17015.55078,17072.59961,197000
24-12-2021,17149.5,17155.59961,16909.59961,17003.75,182600
27-12-2021,16937.75,17112.05078,16833.19922,17086.25,144800
28-12-2021,17177.59961,17250.25,17161.15039,17233.25,176000
29-12-2021,17220.09961,17285.94922,17176.65039,17213.59961,161700
30-12-2021,17201.44922,17264.05078,17146.34961,17203.94922,320800
31-12-2021,17244.5,17400.80078,17238.5,17354.05078,167000
03-01-2022,17387.15039,17646.65039,17383.30078,17625.69922,200500
04-01-2022,17681.40039,17827.59961,17593.55078,17805.25,247400
05-01-2022,17820.09961,17944.69922,17748.84961,17925.25,251500
06-01-2022,17768.5,17797.94922,17655.55078,17745.90039,236500
07-01-2022,17797.59961,17905,17704.55078,17812.69922,239300
10-01-2022,17913.30078,18017.44922,17879.15039,18003.30078,232400
11-01-2022,17997.75,18081.25,17964.40039,18055.75,220200
12-01-2022,18170.40039,18227.94922,18128.80078,18212.34961,245000
13-01-2022,18257,18272.25,18163.80078,18257.80078,303700
14-01-2022,18185,18286.94922,18119.65039,18255.75,229500
17-01-2022,18235.65039,18321.55078,18228.75,18308.09961,266700
18-01-2022,18337.19922,18350.94922,18085.90039,18113.05078,227500
19-01-2022,18129.19922,18129.19922,17884.90039,17938.40039,276700
20-01-2022,17921,17943.69922,17648.44922,17757,258100
21-01-2022,17613.69922,17707.59961,17485.84961,17617.15039,277600
24-01-2022,17575.15039,17599.40039,16997.84961,17149.09961,323800
25-01-2022,17001.55078,17309.15039,16836.80078,17277.94922,326500
27-01-2022,17062,17182.5,16866.75,17110.15039,395600
28-01-2022,17208.30078,17373.5,17077.09961,17101.94922,355300
31-01-2022,17301.05078,17410,17264.15039,17339.84961,321700
01-02-2022,17529.44922,17622.40039,17244.55078,17576.84961,386400
02-02-2022,17706.19922,17794.59961,17674.80078,17780,271200
03-02-2022,17767.75,17781.15039,17511.15039,17560.19922,226600
04-02-2022,17590.19922,17617.80078,17462.55078,17516.30078,261400
07-02-2022,17456.30078,17536.75,17119.40039,17213.59961,265000
08-02-2022,17279.84961,17306.44922,17043.65039,17266.75,268500
09-02-2022,17370.09961,17477.15039,17339,17463.80078,236400
10-02-2022,17554.09961,17639.44922,17427.15039,17605.84961,273600
11-02-2022,17451,17454.75,17303,17374.75,253100
14-02-2022,17076.15039,17099.5,16809.65039,16842.80078,305500
15-02-2022,16933.25,17375,16839.25,17352.44922,298700
16-02-2022,17408.44922,17490.59961,17257.69922,17322.19922,244500
17-02-2022,17396.55078,17442.90039,17235.84961,17304.59961,232100
18-02-2022,17236.05078,17380.80078,17219.19922,17276.30078,189600
21-02-2022,17192.25,17351.05078,17070.69922,17206.65039,215200
22-02-2022,16847.94922,17148.55078,16843.80078,17092.19922,300100
23-02-2022,17194.5,17220.69922,17027.84961,17063.25,200200
24-02-2022,16548.90039,16705.25,16203.25,16247.9502,458000
25-02-2022,16515.65039,16748.80078,16478.30078,16658.40039,329800
28-02-2022,16481.59961,16815.90039,16356.29981,16793.90039,404200
02-03-2022,16593.09961,16678.5,16478.65039,16605.94922,517700
03-03-2022,16723.19922,16768.94922,16442.94922,16498.05078,442100
04-03-2022,16339.4502,16456,16133.79981,16245.34961,456100
07-03-2022,15867.9502,15944.59961,15711.4502,15863.15039,585400
08-03-2022,15747.75,16028.75,15671.4502,16013.4502,543600
09-03-2022,16078,16418.05078,15990,16345.34961,462200
10-03-2022,16757.09961,16757.30078,16447.90039,16594.90039,486400
11-03-2022,16528.80078,16694.40039,16470.90039,16630.44922,343700
14-03-2022,16633.69922,16887.94922,16606.5,16871.30078,314700
15-03-2022,16900.65039,16927.75,16555,16663,381600
16-03-2022,16876.65039,16987.90039,16837.84961,16975.34961,260000
17-03-2022,17202.90039,17344.59961,17175.75,17287.05078,448300
21-03-2022,17329.5,17353.34961,17096.40039,17117.59961,285500
22-03-2022,17120.40039,17334.40039,17006.30078,17315.5,338300
23-03-2022,17405.05078,17442.40039,17199.59961,17245.65039,292100
24-03-2022,17094.94922,17291.75,17091.15039,17222.75,290300
25-03-2022,17289,17294.90039,17076.55078,17153,237100
28-03-2022,17181.84961,17235.09961,17003.90039,17222,253200
29-03-2022,17297.19922,17343.65039,17235.69922,17325.30078,235100
30-03-2022,17468.15039,17522.5,17387.19922,17498.25,505000
31-03-2022,17519.19922,17559.80078,17435.19922,17464.75,281100
01-04-2022,17436.90039,17703.69922,17422.69922,17670.44922,291800
04-04-2022,17809.09961,18114.65039,17791.40039,18053.40039,345500
05-04-2022,18080.59961,18095.44922,17921.55078,17957.40039,283500
06-04-2022,17842.75,17901,17779.84961,17807.65039,328800
07-04-2022,17723.30078,17787.5,17623.69922,17639.55078,308800
08-04-2022,17698.15039,17842.75,17600.55078,17784.34961,274400
11-04-2022,17740.90039,17779.05078,17650.94922,17674.94922,251700
12-04-2022,17584.84961,17595.30078,17442.34961,17530.30078,266000
13-04-2022,17599.90039,17663.65039,17457.40039,17475.65039,245100
18-04-2022,17183.44922,17237.75,17067.84961,17173.65039,376100
19-04-2022,17258.94922,17275.65039,16824.69922,16958.65039,401400
20-04-2022,17045.25,17186.90039,16978.94922,17136.55078,286100
21-04-2022,17234.59961,17414.69922,17215.5,17392.59961,285200
22-04-2022,17242.75,17315.30078,17149.19922,17171.94922,262700
25-04-2022,17009.05078,17054.30078,16888.69922,16953.94922,275700
26-04-2022,17121.30078,17223.84961,17064.44922,17200.80078,261100
27-04-2022,17073.34961,17110.69922,16958.44922,17038.40039,265100
28-04-2022,17189.5,17322.5,17071.05078,17245.05078,312900
29-04-2022,17329.25,17377.65039,17053.25,17102.55078,336200
02-05-2022,16924.44922,17092.25,16917.25,17069.09961,278200
04-05-2022,17096.59961,17132.84961,16623.94922,16677.59961,310600
05-05-2022,16854.75,16945.69922,16651.84961,16682.65039,265800
06-05-2022,16415.55078,16484.19922,16340.90039,16411.25,300500
09-05-2022,16227.7002,16403.69922,16142.09961,16301.84961,288400
10-05-2022,16248.90039,16404.55078,16197.29981,16240.04981,283100
11-05-2022,16270.04981,16318.75,15992.59961,16167.09961,284300
12-05-2022,16021.09961,16041.9502,15735.75,15808,314900
13-05-2022,15977,16083.59961,15740.84961,15782.15039,369100
16-05-2022,15845.09961,15977.9502,15739.65039,15842.29981,217600
17-05-2022,15912.59961,16284.25,15900.79981,16259.29981,295700
18-05-2022,16318.15039,16399.80078,16211.2002,16240.29981,290400
19-05-2022,15917.40039,15984.75,15775.2002,15809.40039,313900
20-05-2022,16043.79981,16283.04981,16003.84961,16266.15039,252400
23-05-2022,16290.9502,16414.69922,16185.75,16214.7002,293800
24-05-2022,16225.54981,16262.79981,16078.59961,16125.15039,249800
25-05-2022,16196.34961,16223.34961,16006.9502,16025.79981,243300
26-05-2022,16105,16204.4502,15903.7002,16170.15039,314300
27-05-2022,16296.59961,16370.59961,16221.9502,16352.4502,274100
30-05-2022,16527.90039,16695.5,16506.15039,16661.40039,251400
31-05-2022,16578.44922,16690.75,16521.90039,16584.55078,651600
01-06-2022,16594.40039,16649.19922,16438.84961,16522.75,249600
02-06-2022,16481.65039,16646.40039,16443.05078,16628,236000
03-06-2022,16761.65039,16793.84961,16567.90039,16584.30078,245500
06-06-2022,16530.69922,16610.94922,16444.55078,16569.55078,233600
07-06-2022,16469.59961,16487.25,16347.09961,16416.34961,233800
08-06-2022,16474.94922,16514.30078,16293.34961,16356.25,243500
09-06-2022,16263.84961,16492.80078,16243.84961,16478.09961,205000
10-06-2022,16283.9502,16324.7002,16172.59961,16201.79981,189700
13-06-2022,15877.54981,15886.15039,15684,15774.40039,225500
14-06-2022,15674.25,15858,15659.4502,15732.09961,225400
15-06-2022,15729.25,15783.65039,15678.90039,15692.15039,183000
16-06-2022,15832.25,15863.15039,15335.09961,15360.59961,264700
17-06-2022,15272.65039,15400.40039,15183.40039,15293.5,342600
20-06-2022,15334.5,15382.5,15191.09961,15350.15039,260000
21-06-2022,15455.9502,15707.25,15419.84961,15638.79981,262800
22-06-2022,15545.65039,15565.40039,15385.9502,15413.29981,220900
23-06-2022,15451.54981,15628.4502,15367.5,15556.65039,259200
24-06-2022,15657.40039,15749.25,15619.4502,15699.25,219600
27-06-2022,15926.2002,15927.4502,15815.5,15832.04981,210900
28-06-2022,15757.4502,15892.09961,15710.15039,15850.2002,251900
29-06-2022,15701.7002,15861.59961,15687.79981,15799.09961,444900
30-06-2022,15774.5,15890,15728.84961,15780.25,306000
01-07-2022,15703.7002,15793.9502,15511.04981,15752.04981,364100
04-07-2022,15710.5,15852.34961,15661.79981,15835.34961,304300
05-07-2022,15909.15039,16025.75,15785.4502,15810.84961,254200
06-07-2022,15818.2002,16011.34961,15800.90039,15989.79981,288400
07-07-2022,16113.75,16150.5,16045.9502,16132.90039,264600
08-07-2022,16273.65039,16275.5,16157.90039,16220.59961,281100
11-07-2022,16136.15039,16248.54981,16115.5,16216,255900
12-07-2022,16126.2002,16158.75,16031.15039,16058.29981,208600
13-07-2022,16128.2002,16140,15950.15039,15966.65039,233300
14-07-2022,16018.84961,16070.84961,15858.2002,15938.65039,228600
15-07-2022,16010.79981,16066.9502,15927.29981,16049.2002,205800
18-07-2022,16151.40039,16287.9502,16142.2002,16278.5,227700
19-07-2022,16187.04981,16359.5,16187.04981,16340.54981,222600
20-07-2022,16562.80078,16588,16490.94922,16520.84961,284400
21-07-2022,16523.55078,16626.94922,16483.90039,16605.25,243600
22-07-2022,16661.25,16752.25,16610.90039,16719.44922,190900
25-07-2022,16662.55078,16706.05078,16564.25,16631,211400
26-07-2022,16632.90039,16636.09961,16463.30078,16483.84961,208200
27-07-2022,16475.34961,16653.44922,16438.75,16641.80078,185200
28-07-2022,16774.84961,16947.65039,16746.25,16929.59961,376300
29-07-2022,17079.5,17172.80078,17018.15039,17158.25,436100
01-08-2022,17243.19922,17356.25,17154.80078,17340.05078,381500
02-08-2022,17310.15039,17390.15039,17215.84961,17345.44922,333600
03-08-2022,17349.25,17407.5,17225.84961,17388.15039,285400
04-08-2022,17463.09961,17490.69922,17161.25,17382,325000
05-08-2022,17423.65039,17474.40039,17348.75,17397.5,355300
08-08-2022,17401.5,17548.80078,17359.75,17525.09961,257000
10-08-2022,17566.09961,17566.09961,17442.80078,17534.75,312700
11-08-2022,17711.65039,17719.30078,17631.94922,17659,311200
12-08-2022,17659.65039,17724.65039,17597.84961,17698.15039,303900
16-08-2022,17797.19922,17839.09961,17764.05078,17825.25,0
17-08-2022,17868.15039,17965.94922,17833.34961,17944.25,262800
18-08-2022,17898.65039,17968.44922,17852.05078,17956.5,263900
19-08-2022,17966.55078,17992.19922,17710.75,17758.44922,295600
22-08-2022,17682.90039,17690.05078,17467.34961,17490.69922,287600
23-08-2022,17357.34961,17625.55078,17345.19922,17577.5,285600
24-08-2022,17525.44922,17623.65039,17499.25,17604.94922,262000
25-08-2022,17679,17726.5,17487.44922,17522.44922,230200
26-08-2022,17619.30078,17685.84961,17519.34961,17558.90039,266600
29-08-2022,17188.65039,17380.15039,17166.19922,17312.90039,244900
30-08-2022,17414.94922,17777.65039,17401.5,17759.30078,324700
01-09-2022,17485.69922,17695.59961,17468.44922,17542.80078,308500
02-09-2022,17598.40039,17643.84961,17476.44922,17539.44922,256300
05-09-2022,17546.44922,17683.15039,17540.34961,17665.80078,230300
06-09-2022,17695.69922,17764.65039,17587.65039,17655.59961,251200
07-09-2022,17519.40039,17650.75,17484.30078,17624.40039,354100
08-09-2022,17748.15039,17807.65039,17691.94922,17798.75,279800
09-09-2022,17923.34961,17925.94922,17786,17833.34961,270300
12-09-2022,17890.84961,17980.55078,17889.15039,17936.34961,228200
13-09-2022,18044.44922,18088.30078,18015.44922,18070.05078,259900
14-09-2022,17771.15039,18091.55078,17771.15039,18003.75,365900
15-09-2022,18046.34961,18096.15039,17861.5,17877.40039,289600
16-09-2022,17796.80078,17820.05078,17497.25,17530.84961,468500
19-09-2022,17540.65039,17667.19922,17429.69922,17622.25,258300
20-09-2022,17770.40039,17919.30078,17744.40039,17816.25,263100
21-09-2022,17766.34961,17838.69922,17663.59961,17718.34961,245500
22-09-2022,17609.65039,17722.75,17532.44922,17629.80078,284100
23-09-2022,17593.84961,17642.15039,17291.65039,17327.34961,390800
26-09-2022,17156.30078,17196.40039,16978.30078,17016.30078,492000
27-09-2022,17110.90039,17176.44922,16942.34961,17007.40039,359900
28-09-2022,16870.55078,17037.59961,16820.40039,16858.59961,323900
29-09-2022,16993.59961,17026.05078,16788.59961,16818.09961,340000
30-09-2022,16798.05078,17187.09961,16747.69922,17094.34961,376100
03-10-2022,17102.09961,17114.65039,16855.55078,16887.34961,278400
04-10-2022,17147.44922,17287.30078,17117.30078,17274.30078,226000
06-10-2022,17379.25,17428.80078,17315.65039,17331.80078,265500
07-10-2022,17287.19922,17337.34961,17216.94922,17314.65039,216300
10-10-2022,17094.34961,17280.15039,17064.69922,17241,234000
11-10-2022,17256.05078,17261.80078,16950.30078,16983.55078,282600
12-10-2022,17025.55078,17142.34961,16960.05078,17123.59961,256000
13-10-2022,17087.34961,17112.34961,16956.94922,17014.34961,266400
14-10-2022,17322.30078,17348.55078,17169.75,17185.69922,227000
17-10-2022,17144.80078,17328.55078,17098.55078,17311.80078,212200
18-10-2022,17438.75,17527.80078,17434.05078,17486.94922,239500
19-10-2022,17568.15039,17607.59961,17472.84961,17512.25,210500
20-10-2022,17423.09961,17584.15039,17421,17563.94922,249600
21-10-2022,17622.84961,17670.15039,17520.75,17576.30078,277700
24-10-2022,17736.34961,17777.55078,17707.40039,17730.75,45000
25-10-2022,17808.30078,17811.5,17637,17656.34961,251400
27-10-2022,17771.40039,17783.90039,17654.5,17736.94922,324600
28-10-2022,17756.40039,17838.90039,17723.69922,17786.80078,250000
31-10-2022,17910.19922,18022.80078,17899.90039,18012.19922,227200
01-11-2022,18130.69922,18175.80078,18060.15039,18145.40039,349900
02-11-2022,18177.90039,18178.75,18048.65039,18082.84961,270900
03-11-2022,17968.34961,18106.30078,17959.19922,18052.69922,213000
04-11-2022,18053.40039,18135.09961,18017.15039,18117.15039,267900
07-11-2022,18211.75,18255.5,18064.75,18202.80078,314800
09-11-2022,18288.25,18296.40039,18117.5,18157,307200
10-11-2022,18044.34961,18103.09961,17969.40039,18028.19922,256500
11-11-2022,18272.34961,18362.30078,18259.34961,18349.69922,378500
14-11-2022,18376.40039,18399.44922,18311.40039,18329.15039,301400
15-11-2022,18362.75,18427.94922,18282,18403.40039,250900
16-11-2022,18398.25,18442.15039,18344.15039,18409.65039,219300
17-11-2022,18358.69922,18417.59961,18312.94922,18343.90039,200500
18-11-2022,18382.94922,18394.59961,18209.80078,18307.65039,198800
21-11-2022,18246.40039,18262.30078,18133.34961,18159.94922,213800
22-11-2022,18179.15039,18261.84961,18137.69922,18244.19922,177700
23-11-2022,18325.19922,18325.40039,18246,18267.25,178800
24-11-2022,18326.09961,18529.69922,18294.25,18484.09961,204000
25-11-2022,18528.44922,18534.90039,18445.09961,18512.75,205900
28-11-2022,18430.55078,18614.25,18365.59961,18562.75,206500
29-11-2022,18552.44922,18678.09961,18552.15039,18618.05078,195300
30-11-2022,18625.69922,18816.05078,18616.55078,18758.34961,345600
01-12-2022,18871.94922,18887.59961,18778.19922,18812.5,325000
02-12-2022,18752.40039,18781.94922,18639.19922,18696.09961,254400
05-12-2022,18719.55078,18728.59961,18591.34961,18701.05078,288400
06-12-2022,18600.65039,18654.90039,18577.90039,18642.75,217800
07-12-2022,18638.84961,18668.30078,18528.40039,18560.5,200500
08-12-2022,18570.84961,18625,18536.94922,18609.34961,202800
09-12-2022,18662.40039,18664.69922,18410.09961,18496.59961,215800
12-12-2022,18402.15039,18521.55078,18345.69922,18497.15039,193900
13-12-2022,18524.40039,18617.25,18490.19922,18608,187600
14-12-2022,18671.25,18696.09961,18632.90039,18660.30078,208000
15-12-2022,18614.40039,18652.90039,18387.69922,18414.90039,183100
16-12-2022,18319.09961,18440.94922,18255.15039,18269,277700
19-12-2022,18288.09961,18431.65039,18244.55078,18420.44922,154800
20-12-2022,18340.30078,18404.90039,18202.65039,18385.30078,169000
21-12-2022,18435.15039,18473.34961,18162.75,18199.09961,187600
22-12-2022,18288.80078,18318.75,18068.59961,18127.34961,195700
23-12-2022,17977.65039,18050.44922,17779.5,17806.80078,221500
26-12-2022,17830.40039,18084.09961,17774.25,18014.59961,176700
27-12-2022,18089.80078,18149.25,17967.44922,18132.30078,214300
28-12-2022,18084.75,18173.09961,18068.34961,18122.5,193900
29-12-2022,18045.69922,18229.69922,17992.80078,18191,281100
30-12-2022,18259.09961,18265.25,18080.30078,18105.30078,192000
02-01-2023,18131.69922,18215.15039,18086.5,18197.44922,256100
03-01-2023,18163.19922,18251.94922,18149.80078,18232.55078,208700
04-01-2023,18230.65039,18243,18020.59961,18042.94922,235200
05-01-2023,18101.94922,18120.30078,17892.59961,17992.15039,269900
06-01-2023,18008.05078,18047.40039,17795.55078,17859.44922,238200
09-01-2023,17952.55078,18141.40039,17936.15039,18101.19922,257200
10-01-2023,18121.30078,18127.59961,17856,17914.15039,283300
11-01-2023,17924.25,17976.34961,17824.34961,17895.69922,259900
12-01-2023,17920.84961,17945.80078,17761.65039,17858.19922,227800
13-01-2023,17867.5,17999.34961,17774.25,17956.59961,256700
16-01-2023,18033.15039,18049.65039,17853.65039,17894.84961,206200
17-01-2023,17922.80078,18072.05078,17886.94922,18053.30078,219100
18-01-2023,18074.30078,18183.75,18032.44922,18165.34961,255800
19-01-2023,18119.80078,18155.19922,18063.75,18107.84961,237800
20-01-2023,18115.59961,18145.44922,18016.19922,18027.65039,237200
23-01-2023,18118.44922,18162.59961,18063.44922,18118.55078,202500
24-01-2023,18183.94922,18201.25,18078.65039,18118.30078,216900
25-01-2023,18093.34961,18100.59961,17846.15039,17891.94922,257200
27-01-2023,17877.19922,17884.75,17493.55078,17604.34961,476300
30-01-2023,17541.94922,17709.15039,17405.55078,17648.94922,432400
31-01-2023,17731.44922,17735.69922,17537.55078,17662.15039,398300
01-02-2023,17811.59961,17972.19922,17353.40039,17616.30078,512900
02-02-2023,17517.09961,17653.90039,17445.94922,17610.40039,490100
03-02-2023,17721.75,17870.30078,17584.19922,17854.05078,424100
06-02-2023,17818.55078,17823.69922,17698.34961,17764.59961,282500
07-02-2023,17790.09961,17811.15039,17652.55078,17721.5,354400
08-02-2023,17750.30078,17898.69922,17744.15039,17871.69922,291000
09-02-2023,17885.5,17916.90039,17779.80078,17893.44922,260900
10-02-2023,17847.55078,17876.94922,17801,17856.5,232000
13-02-2023,17859.09961,17880.69922,17719.75,17770.90039,231300
14-02-2023,17840.34961,17954.55078,17800.05078,17929.84961,244500
15-02-2023,17896.59961,18034.09961,17853.80078,18015.84961,229300
16-02-2023,18094.75,18134.75,18000.65039,18035.84961,230200
17-02-2023,17974.84961,18034.25,17884.59961,17944.19922,208100
20-02-2023,17965.55078,18004.34961,17818.40039,17844.59961,174600
21-02-2023,17905.80078,17924.90039,17800.30078,17826.69922,198200
22-02-2023,17755.34961,17772.5,17529.44922,17554.30078,204000
23-02-2023,17574.65039,17620.05078,17455.40039,17511.25,240800
24-02-2023,17591.34961,17599.75,17421.80078,17465.80078,209400
27-02-2023,17428.59961,17451.59961,17299,17392.69922,246400
28-02-2023,17383.25,17440.44922,17255.19922,17303.94922,420900
01-03-2023,17360.09961,17467.75,17345.25,17450.90039,272900
02-03-2023,17421.5,17445.80078,17306,17321.90039,310700
03-03-2023,17451.25,17644.75,17427.69922,17594.34961,356200
06-03-2023,17680.34961,17799.94922,17671.94922,17711.44922,362800
08-03-2023,17665.75,17766.5,17602.25,17754.40039,267000
09-03-2023,17772.05078,17772.34961,17573.59961,17589.59961,262400
10-03-2023,17443.80078,17451.5,17324.34961,17412.90039,235900
13-03-2023,17421.90039,17529.90039,17113.44922,17154.30078,254900
14-03-2023,17160.55078,17224.65039,16987.09961,17043.30078,290600
15-03-2023,17166.44922,17211.34961,16938.90039,16972.15039,248200
16-03-2023,16994.65039,17062.44922,16850.15039,16985.59961,349800
17-03-2023,17111.80078,17145.80078,16958.15039,17100.05078,408100
20-03-2023,17066.59961,17066.59961,16828.34961,16988.40039,241800
21-03-2023,17060.40039,17127.69922,17016,17107.5,246700
22-03-2023,17177.44922,17207.25,17107.84961,17151.90039,0
23-03-2023,17097.40039,17205.40039,17045.30078,17076.90039,219200
24-03-2023,17076.19922,17109.44922,16917.34961,16945.05078,228000
27-03-2023,16984.30078,17091,16918.55078,16985.69922,218400
28-03-2023,17031.75,17061.75,16913.75,16951.69922,238800
29-03-2023,16977.30078,17126.15039,16940.59961,17080.69922,345900
31-03-2023,17210.34961,17381.59961,17204.65039,17359.75,263900
03-04-2023,17427.94922,17428.05078,17312.75,17398.05078,230200
05-04-2023,17422.30078,17570.55078,17402.69922,17557.05078,248300
06-04-2023,17533.84961,17638.69922,17502.84961,17599.15039,242700
10-04-2023,17634.90039,17694.09961,17597.94922,17624.05078,254800
11-04-2023,17704.80078,17748.75,17655.15039,17722.30078,304300
12-04-2023,17759.55078,17825.75,17717.25,17812.40039,232800
13-04-2023,17807.30078,17842.15039,17729.65039,17828,285800
17-04-2023,17863,17863,17574.05078,17706.84961,357400
18-04-2023,17766.59961,17766.59961,17610.19922,17660.15039,258900
19-04-2023,17653.34961,17666.15039,17579.84961,17618.75,281500
20-04-2023,17638.59961,17684.44922,17584.34961,17624.44922,215100
21-04-2023,17639.75,17663.19922,17553.94922,17624.05078,230200
24-04-2023,17707.55078,17754.5,17612.5,17743.40039,255700
25-04-2023,17761.55078,17807.44922,17716.84961,17769.25,297400
26-04-2023,17767.30078,17827.75,17711.19922,17813.59961,233000
27-04-2023,17813.09961,17931.59961,17797.90039,17915.05078,241400
28-04-2023,17950.40039,18089.15039,17885.30078,18065,290300
02-05-2023,18124.80078,18180.25,18101.75,18147.65039,265200
03-05-2023,18113.80078,18116.34961,18042.40039,18089.84961,226200
04-05-2023,18081,18267.44922,18066.69922,18255.80078,226600
05-05-2023,18117.30078,18216.94922,18055.44922,18069,239700
08-05-2023,18120.59961,18286.94922,18100.30078,18264.40039,228400
09-05-2023,18303.40039,18344.19922,18229.65039,18265.94922,245400
10-05-2023,18313.59961,18326.75,18211.94922,18315.09961,220500
11-05-2023,18357.80078,18389.69922,18270.40039,18297,248900
12-05-2023,18273.75,18342.75,18194.55078,18314.80078,241700
15-05-2023,18339.30078,18458.90039,18287.90039,18398.84961,216100
16-05-2023,18432.34961,18432.34961,18264.34961,18286.5,219500
17-05-2023,18300.44922,18309,18115.34961,18181.75,229900
18-05-2023,18287.5,18297.19922,18104.84961,18129.94922,272100
19-05-2023,18186.15039,18218.09961,18060.40039,18203.40039,260900
22-05-2023,18201.09961,18335.25,18178.84961,18314.40039,262600
23-05-2023,18362.90039,18419.75,18324.19922,18348,270400
24-05-2023,18294.80078,18392.59961,18262.94922,18285.40039,232600
25-05-2023,18268.90039,18338.09961,18202.40039,18321.15039,235900
26-05-2023,18368.34961,18508.55078,18333.15039,18499.34961,198700
29-05-2023,18619.15039,18641.19922,18581.25,18598.65039,265300
30-05-2023,18606.65039,18662.44922,18575.5,18633.84961,234400
31-05-2023,18594.19922,18603.90039,18483.84961,18534.40039,696500
01-06-2023,18579.40039,18580.30078,18464.55078,18487.75,265600
02-06-2023,18550.84961,18573.69922,18478.40039,18534.09961,270900
05-06-2023,18612,18640.15039,18582.80078,18593.84961,256100
06-06-2023,18600.80078,18622.75,18531.59961,18599,220800
07-06-2023,18665.59961,18738.94922,18636,18726.40039,260100
08-06-2023,18725.34961,18777.90039,18615.59961,18634.55078,286500
09-06-2023,18655.90039,18676.65039,18555.40039,18563.40039,221800
12-06-2023,18595.05078,18633.59961,18559.75,18601.5,179500
13-06-2023,18631.80078,18728.90039,18631.80078,18716.15039,233200
14-06-2023,18744.59961,18769.69922,18690,18755.90039,261400
15-06-2023,18774.44922,18794.09961,18669.05078,18688.09961,263000
16-06-2023,18723.30078,18864.69922,18710.5,18826,272800
19-06-2023,18873.30078,18881.44922,18719.15039,18755.44922,219800
20-06-2023,18752.34961,18839.69922,18660.65039,18816.69922,211600
21-06-2023,18849.40039,18875.90039,18794.84961,18856.84961,217500
22-06-2023,18853.59961,18886.59961,18759.5,18771.25,252700
23-06-2023,18741.84961,18756.40039,18647.09961,18665.5,210600
26-06-2023,18682.34961,18722.05078,18646.69922,18691.19922,171300
27-06-2023,18748.55078,18829.25,18714.25,18817.40039,222500
28-06-2023,18908.15039,19011.25,18861.34961,18972.09961,398800
30-06-2023,19076.84961,19201.69922,19024.59961,19189.05078,247900
03-07-2023,19246.5,19345.09961,19234.40039,19322.55078,226100
04-07-2023,19406.59961,19434.15039,19300,19389,226900
05-07-2023,19405.94922,19421.59961,19339.59961,19398.5,224400
06-07-2023,19385.69922,19512.19922,19373,19497.30078,268300
07-07-2023,19422.80078,19523.59961,19303.59961,19331.80078,237100
10-07-2023,19400.34961,19435.84961,19327.09961,19355.90039,268200
11-07-2023,19427.09961,19515.09961,19406.44922,19439.40039,251300
12-07-2023,19497.44922,19507.69922,19361.75,19384.30078,327900
13-07-2023,19495.19922,19567,19385.80078,19413.75,310400
14-07-2023,19493.44922,19595.34961,19433.5,19564.5,291200
17-07-2023,19612.15039,19731.84961,19562.94922,19711.44922,268700
18-07-2023,19787.5,19819.44922,19690.19922,19749.25,286400
19-07-2023,19802.94922,19851.69922,19727.44922,19833.15039,259700
20-07-2023,19831.69922,19991.84961,19758.40039,19979.15039,274700
21-07-2023,19800.44922,19887.40039,19700,19745,312500
24-07-2023,19748.44922,19782.75,19658.30078,19672.34961,265600
25-07-2023,19729.34961,19729.34961,19615.94922,19680.59961,369700
26-07-2023,19733.34961,19825.59961,19716.69922,19778.30078,244700
27-07-2023,19850.90039,19867.55078,19603.55078,19659.90039,334900
28-07-2023,19659.75,19695.90039,19563.09961,19646.05078,258700
31-07-2023,19666.34961,19772.75,19597.59961,19753.80078,295100
01-08-2023,19784,19795.59961,19704.59961,19733.55078,298000
02-08-2023,19655.40039,19678.25,19423.55078,19526.55078,290700
03-08-2023,19463.75,19537.65039,19296.44922,19381.65039,315700
04-08-2023,19462.80078,19538.84961,19436.44922,19517,280800
07-08-2023,19576.84961,19620.44922,19524.80078,19597.30078,216600
08-08-2023,19627.19922,19634.40039,19533.09961,19570.84961,260300
09-08-2023,19578.80078,19645.5,19467.5,19632.55078,266500
10-08-2023,19605.55078,19623.59961,19495.40039,19543.09961,312200
11-08-2023,19554.25,19557.75,19412.75,19428.30078,235500
14-08-2023,19383.94922,19465.84961,19257.90039,19434.55078,243900
16-08-2023,19369,19482.75,19317.19922,19465,0
17-08-2023,19450.55078,19461.55078,19326.25,19365.25,268700
18-08-2023,19301.75,19373.80078,19253.59961,19310.15039,256100
21-08-2023,19320.65039,19425.94922,19296.30078,19393.59961,262600
22-08-2023,19417.09961,19443.5,19381.30078,19396.44922,208700
23-08-2023,19439.19922,19472.05078,19366.59961,19444,225200
24-08-2023,19535.15039,19584.44922,19369,19386.69922,268300
25-08-2023,19297.40039,19339.55078,19229.69922,19265.80078,466500
28-08-2023,19298.34961,19366.84961,19249.69922,19306.05078,248200
29-08-2023,19374.84961,19377.90039,19309.09961,19342.65039,307400
30-08-2023,19433.44922,19452.80078,19334.75,19347.44922,233000
31-08-2023,19375.55078,19388.19922,19223.65039,19253.80078,562600
01-09-2023,19258.15039,19458.55078,19255.69922,19435.30078,333000
04-09-2023,19525.05078,19545.15039,19432.84961,19528.80078,296800
05-09-2023,19564.65039,19587.05078,19525.75,19574.90039,256800
06-09-2023,19581.19922,19636.44922,19491.5,19611.05078,287600
07-09-2023,19598.65039,19737,19550.05078,19727.05078,304900
08-09-2023,19774.80078,19867.15039,19727.05078,19819.94922,288100
11-09-2023,19890,20008.15039,19865.34961,19996.34961,248800
12-09-2023,20110.15039,20110.34961,19914.65039,19993.19922,328100
13-09-2023,19989.5,20096.90039,19944.09961,20070,251400
14-09-2023,20127.94922,20167.65039,20043.44922,20103.09961,275100
15-09-2023,20156.44922,20222.44922,20129.69922,20192.34961,438200
18-09-2023,20155.94922,20195.34961,20115.69922,20133.30078,264900
20-09-2023,19980.75,20050.65039,19878.84961,19901.40039,378100
21-09-2023,19840.55078,19848.75,19709.94922,19742.34961,275100
22-09-2023,19744.84961,19798.65039,19657.5,19674.25,246400
25-09-2023,19678.19922,19734.15039,19601.55078,19674.55078,188400
26-09-2023,19682.80078,19699.34961,19637.44922,19664.69922,204900
27-09-2023,19637.05078,19730.69922,19554,19716.44922,203600
28-09-2023,19761.80078,19766.65039,19492.09961,19523.55078,352800
29-09-2023,19581.19922,19726.25,19551.05078,19638.30078,243500
03-10-2023,19622.40039,19623.19922,19479.65039,19528.75,221700
04-10-2023,19446.30078,19457.80078,19333.59961,19436.09961,277100
05-10-2023,19521.84961,19576.94922,19487.30078,19545.75,234900
06-10-2023,19621.19922,19675.75,19589.40039,19653.5,159100
09-10-2023,19539.44922,19588.94922,19480.5,19512.34961,165100
10-10-2023,19565.59961,19717.80078,19565.44922,19689.84961,216600
11-10-2023,19767,19839.19922,19756.94922,19811.34961,213700
12-10-2023,19822.69922,19843.30078,19772.65039,19794,217900
13-10-2023,19654.55078,19805.40039,19635.30078,19751.05078,255000
16-10-2023,19737.25,19781.30078,19691.84961,19731.75,181000
17-10-2023,19843.19922,19849.75,19775.65039,19811.5,185800
18-10-2023,19820.44922,19840.94922,19659.94922,19671.09961,198900
19-10-2023,19545.19922,19681.80078,19512.34961,19624.69922,230300
20-10-2023,19542.15039,19593.80078,19518.69922,19542.65039,198300
23-10-2023,19521.59961,19556.84961,19257.84961,19281.75,176000
25-10-2023,19286.44922,19347.30078,19074.15039,19122.15039,225300
26-10-2023,19027.25,19041.69922,18837.84961,18857.25,300400
27-10-2023,18928.75,19076.15039,18926.65039,19047.25,205200
30-10-2023,19053.40039,19158.5,18940,19140.90039,180100
31-10-2023,19232.94922,19233.69922,19056.44922,19079.59961,206000
01-11-2023,19064.05078,19096.05078,18973.69922,18989.15039,194100
02-11-2023,19120,19175.25,19064.15039,19133.25,245600
03-11-2023,19241,19276.25,19210.90039,19230.59961,189500
06-11-2023,19345.84961,19423,19309.69922,19411.75,180700
07-11-2023,19404.05078,19423.5,19329.09961,19406.69922,198700
08-11-2023,19449.59961,19464.40039,19401.5,19443.5,195000
09-11-2023,19457.40039,19463.90039,19378.34961,19395.30078,208400
10-11-2023,19351.84961,19451.30078,19329.44922,19425.34961,152200
13-11-2023,19486.75,19494.40039,19414.75,19443.55078,189300
15-11-2023,19651.40039,19693.19922,19579.65039,19675.44922,291500
16-11-2023,19674.69922,19875.25,19627,19765.19922,282700
17-11-2023,19674.75,19806,19667.44922,19731.80078,236800
20-11-2023,19731.15039,19756.44922,19670.5,19694,173800
21-11-2023,19770.90039,19829.09961,19754.05078,19783.40039,195000
22-11-2023,19784,19825.55078,19703.84961,19811.84961,184500
23-11-2023,19828.44922,19875.15039,19786.75,19802,170000
24-11-2023,19809.59961,19832.84961,19768.84961,19794.69922,145900
28-11-2023,19844.65039,19916.84961,19800,19889.69922,229600
29-11-2023,19976.55078,20104.65039,19956.30078,20096.59961,236200
30-11-2023,20108.5,20158.69922,20015.84961,20133.15039,486600
01-12-2023,20194.09961,20291.55078,20183.69922,20267.90039,265800
04-12-2023,20601.94922,20702.65039,20507.75,20686.80078,381100
05-12-2023,20808.90039,20864.05078,20711.15039,20855.09961,421000
06-12-2023,20950.75,20961.94922,20852.15039,20937.69922,359200
07-12-2023,20932.40039,20941.25,20850.80078,20901.15039,275000
08-12-2023,20934.09961,21006.09961,20862.69922,20969.40039,292400
11-12-2023,20965.30078,21026.09961,20923.69922,20997.09961,212900
12-12-2023,21018.55078,21037.90039,20867.15039,20906.40039,244900
13-12-2023,20929.75,20950,20769.5,20926.34961,260300
14-12-2023,21110.40039,21210.90039,21074.44922,21182.69922,334400
15-12-2023,21287.44922,21492.30078,21235.30078,21456.65039,508800
18-12-2023,21434.80078,21482.80078,21365.34961,21418.65039,249700
19-12-2023,21477.65039,21505.05078,21337.75,21453.09961,249800
20-12-2023,21543.5,21593,21087.34961,21150.15039,363900
21-12-2023,21033.94922,21288.34961,20976.80078,21255.05078,277500
22-12-2023,21295.84961,21390.5,21232.44922,21349.40039,284700
26-12-2023,21365.19922,21477.15039,21329.44922,21441.34961,219500
27-12-2023,21497.65039,21675.75,21495.80078,21654.75,256500
28-12-2023,21715,21801.44922,21678,21778.69922,393100
29-12-2023,21737.65039,21770.30078,21676.90039,21731.40039,270900
01-01-2024,21727.75,21834.34961,21680.84961,21741.90039,154000
02-01-2024,21751.34961,21755.59961,21555.65039,21665.80078,263700
03-01-2024,21661.09961,21677,21500.34961,21517.34961,311900
04-01-2024,21605.80078,21685.65039,21564.55078,21658.59961,339200
05-01-2024,21705.75,21749.59961,21629.19922,21710.80078,309300
08-01-2024,21747.59961,21763.94922,21492.90039,21513,231500
09-01-2024,21653.59961,21724.44922,21517.84961,21544.84961,228600
10-01-2024,21529.30078,21641.84961,21448.65039,21618.69922,217000
11-01-2024,21688,21726.5,21593.75,21647.19922,212500
12-01-2024,21773.55078,21928.25,21715.15039,21894.55078,294700
15-01-2024,22053.15039,22115.55078,21963.55078,22097.44922,345500
16-01-2024,22080.5,22124.15039,21969.80078,22032.30078,292400
17-01-2024,21647.25,21851.5,21550.44922,21571.94922,456000
18-01-2024,21414.19922,21539.40039,21285.55078,21462.25,387300
19-01-2024,21615.19922,21670.59961,21575,21622.40039,343100
23-01-2024,21716.69922,21750.25,21192.59961,21238.80078,449700
24-01-2024,21185.25,21482.34961,21137.19922,21453.94922,407500
25-01-2024,21454.59961,21459,21247.05078,21352.59961,418100
29-01-2024,21433.09961,21763.25,21429.59961,21737.59961,376700
30-01-2024,21775.75,21813.05078,21501.80078,21522.09961,375100
31-01-2024,21487.25,21741.34961,21448.84961,21725.69922,410600
01-02-2024,21780.65039,21832.94922,21658.75,21697.44922,332500
02-02-2024,21812.75,22126.80078,21805.55078,21853.80078,442800
05-02-2024,21921.05078,21964.30078,21726.94922,21771.69922,440800
06-02-2024,21825.19922,21951.40039,21737.55078,21929.40039,371000
07-02-2024,22045.05078,22053.30078,21860.15039,21930.5,346300
08-02-2024,22009.65039,22011.05078,21665.30078,21717.94922,491100
09-02-2024,21727,21804.44922,21629.90039,21782.5,349200
12-02-2024,21800.80078,21831.69922,21574.75,21616.05078,287400
13-02-2024,21664.30078,21766.80078,21543.34961,21743.25,365800
14-02-2024,21578.15039,21870.84961,21530.19922,21840.05078,359100
15-02-2024,21906.55078,21953.84961,21794.80078,21910.75,345400
16-02-2024,22020.30078,22068.65039,21968.94922,22040.69922,343900
19-02-2024,22103.44922,22186.65039,22021.05078,22122.25,0
20-02-2024,22099.19922,22215.59961,22045.84961,22196.94922,295700
21-02-2024,22248.84961,22249.40039,21997.94922,22055.05078,364500
22-02-2024,22081.55078,22252.5,21875.25,22217.44922,343500
23-02-2024,22290,22297.5,22186.09961,22212.69922,226000
26-02-2024,22169.19922,22202.15039,22075.15039,22122.05078,207800
27-02-2024,22090.19922,22218.25,22085.65039,22198.34961,252200
28-02-2024,22214.09961,22229.15039,21915.84961,21951.15039,203000
29-02-2024,21935.19922,22060.55078,21860.65039,21982.80078,360200
01-03-2024,22048.30078,22353.30078,22047.75,22338.75,351500
04-03-2024,22403.5,22440.90039,22358.30078,22405.59961,298800
05-03-2024,22371.25,22416.90039,22269.15039,22356.30078,296200
06-03-2024,22327.5,22497.19922,22224.34961,22474.05078,312300
07-03-2024,22505.30078,22525.65039,22430,22493.55078,379900
11-03-2024,22517.5,22526.59961,22307.25,22332.65039,277900
12-03-2024,22334.44922,22452.55078,22256,22335.69922,299200
13-03-2024,22432.19922,22446.75,21905.65039,21997.69922,493300
14-03-2024,21982.55078,22204.59961,21917.5,22146.65039,426700
15-03-2024,22064.84961,22120.90039,21931.69922,22023.34961,661500
18-03-2024,21990.09961,22123.69922,21916.55078,22055.69922,356300
19-03-2024,21946.44922,21978.30078,21793.09961,21817.44922,344200
20-03-2024,21843.90039,21930.90039,21710.19922,21839.09961,312400
21-03-2024,21989.90039,22080.94922,21941.30078,22011.94922,353200
22-03-2024,21932.19922,22180.69922,21883.30078,22096.75,388700
26-03-2024,21947.90039,22073.19922,21947.55078,22004.69922,328400
27-03-2024,22053.94922,22193.59961,22052.84961,22123.65039,409100
28-03-2024,22163.59961,22516,22163.59961,22326.90039,410500
01-04-2024,22455,22529.94922,22427.75,22462,0
02-04-2024,22458.80078,22497.59961,22388.15039,22453.30078,289500
03-04-2024,22385.69922,22521.09961,22346.5,22434.65039,309600
04-04-2024,22592.09961,22619,22303.80078,22514.65039,401000
05-04-2024,22486.40039,22537.59961,22427.59961,22513.69922,242200
08-04-2024,22578.34961,22697.30078,22550.34961,22666.30078,227600
09-04-2024,22765.09961,22768.40039,22612.25,22642.75,232400
10-04-2024,22720.25,22775.69922,22673.69922,22753.80078,276800
12-04-2024,22677.40039,22726.44922,22503.75,22519.40039,357200
15-04-2024,22339.05078,22427.44922,22259.55078,22272.5,355500
16-04-2024,22125.30078,22213.75,22079.44922,22147.90039,317300
18-04-2024,22212.34961,22326.5,21961.69922,21995.84961,456900
19-04-2024,21861.5,22179.55078,21777.65039,22147,362500
22-04-2024,22336.90039,22375.65039,22198.15039,22336.40039,279300
23-04-2024,22447.05078,22447.55078,22349.44922,22368,231500
24-04-2024,22421.55078,22476.44922,22384,22402.40039,235900
25-04-2024,22316.90039,22625.94922,22305.25,22570.34961,475000
26-04-2024,22620.40039,22620.40039,22385.55078,22419.94922,329900
29-04-2024,22475.55078,22655.80078,22441.90039,22643.40039,292000
30-04-2024,22679.65039,22783.34961,22568.40039,22604.84961,361900
02-05-2024,22567.84961,22710.5,22567.84961,22648.19922,445900
03-05-2024,22766.34961,22794.69922,22348.05078,22475.84961,438100
06-05-2024,22561.59961,22588.80078,22409.44922,22442.69922,320300
07-05-2024,22489.75,22499.05078,22232.05078,22302.5,297800
08-05-2024,22231.19922,22368.65039,22185.19922,22302.5,277400
09-05-2024,22224.80078,22307.75,21932.40039,21957.5,331300
10-05-2024,21990.94922,22131.30078,21950.30078,22055.19922,265800
13-05-2024,22027.94922,22131.65039,21821.05078,22104.05078,278200
14-05-2024,22112.90039,22270.05078,22081.25,22217.84961,230200
15-05-2024,22255.59961,22297.55078,22151.75,22200.55078,231900
16-05-2024,22319.19922,22432.25,22054.55078,22403.84961,368900
17-05-2024,22415.25,22502.15039,22345.65039,22466.09961,242700
21-05-2024,22404.55078,22591.09961,22404.55078,22529.05078,347600
22-05-2024,22576.59961,22629.5,22483.15039,22597.80078,290300
23-05-2024,22614.09961,22993.59961,22577.44922,22967.65039,369800
24-05-2024,22930.75,23026.40039,22908,22957.09961,261900
27-05-2024,23038.94922,23110.80078,22871.19922,22932.44922,260000
28-05-2024,22977.15039,22998.55078,22858.5,22888.15039,217900
29-05-2024,22762.75,22825.5,22685.44922,22704.69922,269900
30-05-2024,22617.44922,22705.75,22417,22488.65039,373400
31-05-2024,22568.09961,22653.75,22465.09961,22530.69922,572100
03-06-2024,23337.90039,23338.69922,23062.30078,23263.90039,569400
04-06-2024,23179.5,23179.5,21281.44922,21884.5,1006100
05-06-2024,22128.34961,22670.40039,21791.94922,22620.34961,638500
06-06-2024,22798.59961,22910.15039,22642.59961,22821.40039,480400
07-06-2024,22821.84961,23320.19922,22789.05078,23290.15039,473600
10-06-2024,23319.15039,23411.90039,23227.15039,23259.19922,304400
11-06-2024,23283.75,23389.44922,23206.65039,23264.84961,305200
12-06-2024,23344.44922,23441.94922,23295.94922,23322.94922,295600
13-06-2024,23480.94922,23481.05078,23353.90039,23398.90039,268300
14-06-2024,23464.94922,23490.40039,23334.25,23465.59961,223100
18-06-2024,23570.80078,23579.05078,23499.69922,23557.90039,272200
19-06-2024,23629.84961,23664,23412.90039,23516,328800
20-06-2024,23586.15039,23624,23442.59961,23567,280300
21-06-2024,23661.15039,23667.09961,23398.19922,23501.09961,609900
24-06-2024,23382.30078,23558.09961,23350,23537.84961,239400
25-06-2024,23577.09961,23754.15039,23562.05078,23721.30078,298100
26-06-2024,23723.09961,23889.90039,23670.44922,23868.80078,287800
27-06-2024,23881.55078,24087.44922,23805.40039,24044.5,515200
28-06-2024,24085.90039,24174,23985.80078,24010.59961,354800
01-07-2024,23992.94922,24164,23992.69922,24141.94922,0
02-07-2024,24228.75,24236.34961,24056.40039,24123.84961,0
03-07-2024,24291.75,24309.15039,24207.09961,24286.5,0
04-07-2024,24369.94922,24401,24281,24302.15039,251200
05-07-2024,24213.34961,24363,24168.84961,24323.84961,298400
08-07-2024,24329.44922,24344.59961,24240.55078,24320.55078,266300
09-07-2024,24351,24443.59961,24331.90039,24433.19922,250500
10-07-2024,24459.84961,24461.05078,24141.80078,24324.44922,292300
11-07-2024,24396.55078,24402.65039,24193.75,24315.94922,306400
12-07-2024,24387.94922,24592.19922,24331.15039,24502.15039,325800
15-07-2024,24587.59961,24635.05078,24522.75,24586.69922,305400
16-07-2024,24615.90039,24661.25,24587.65039,24613,283200
18-07-2024,24543.80078,24837.75,24504.44922,24800.84961,350900
